"contact_id","first_name","last_name","email","occupation","company","wechat_id","notes","added_by","created_at","updated_at","deleted_at"
"1","Karolann","Rohan","xSpencer@yahoo.com","Gerlach PLC","Gerlach PLC","sCarter@gmail.com","","2","","",""
"2","Lillie","Pacocha","dKuhlman@Ryan.org","Schuster-Lehner","Schuster-Lehner","Adaline30@Braun.biz","","2","","",""
"3","Maryse","Kozey","Maudie.Kutch@gmail.com","Brakus-Yundt","Brakus-Yundt","Bradly33@Rempel.info","","1","","",""
"4","Willy","Carroll","Deon56@yahoo.com","Jerde-Heidenreich","Jerde-Heidenreich","Lura69@Halvorson.com","","1","","",""
"5","Carolina","Dietrich","jTillman@Hyatt.com","Turner LLC","Turner LLC","bSchimmel@Wisoky.com","","1","","",""
"6","Brett","Sauer","Hermiston.Torey@Moen.org","Satterfield-Koss","Satterfield-Koss","Amani83@hotmail.com","","2","","",""
"7","Darian","Brekke","Marilie.Kuvalis@Klein.com","Morissette-Oberbrunner","Morissette-Oberbrunner","Carmela.Kunze@gmail.com","","1","","",""
"8","Arely","Gibson","Anais.Gutkowski@Strosin.biz","Flatley-Wisoky","Flatley-Wisoky","rReynolds@Robel.info","","2","","",""
"9","Nikita","Carroll","uMurphy@Anderson.info","Bailey Ltd","Bailey Ltd","Ward.Charlene@Gutmann.info","","2","","",""
"10","Emmet","Roberts","Meghan32@Halvorson.org","Torp-Schumm","Torp-Schumm","xSpencer@hotmail.com","","1","","",""
"11","Cecelia","Pollich","Ronaldo94@Ward.com","Block, Stehr and Carroll","Block, Stehr and Carroll","gZieme@hotmail.com","","2","","",""
"12","Jamil","McKenzie","Martina.McClure@hotmail.com","Kreiger PLC","Kreiger PLC","oWilderman@gmail.com","","2","","",""
"13","Vaughn","Bernier","gZiemann@hotmail.com","Schinner Ltd","Schinner Ltd","Dameon.Tremblay@Ernser.com","","2","","",""
"14","Werner","Feest","Haag.Sebastian@Fisher.com","Graham and Sons","Graham and Sons","xHermann@Smitham.com","","2","","",""
"15","Emory","Paucek","Labadie.Kacie@yahoo.com","Wehner, Roob and Rutherford","Wehner, Roob and Rutherford","Buck25@Kerluke.net","","1","","",""
"16","Angelica","Abshire","Roselyn81@gmail.com","Haley-Hills","Haley-Hills","Maggio.Theodora@yahoo.com","","1","","",""
"17","Morton","Luettgen","Hassie55@gmail.com","Adams Inc","Adams Inc","wZemlak@yahoo.com","","2","","",""
"18","Mike","Lindgren","Mohr.Marilou@yahoo.com","Torphy, Kirlin and Cruickshank","Torphy, Kirlin and Cruickshank","Elvie.Boyle@yahoo.com","","1","","",""
"19","Caroline","Kassulke","Cora36@yahoo.com","Ebert-Sipes","Ebert-Sipes","Virginie.Kuhic@Kulas.com","","2","","",""
"20","Ferne","Hauck","Graham.Mohamed@hotmail.com","Reynolds LLC","Reynolds LLC","Dana81@gmail.com","","1","","",""
"21","Meredith","Nienow","Vidal86@Torphy.com","Reichert, Corkery and Emard","Reichert, Corkery and Emard","Muller.Krystina@gmail.com","","2","","",""
"22","Jeffery","Grimes","Kamryn.Bernier@hotmail.com","Nienow-Boyer","Nienow-Boyer","qLehner@gmail.com","","2","","",""
"23","Marianna","Dach","Shyanne.McKenzie@Hackett.com","Grady and Sons","Grady and Sons","Cassidy.Nolan@yahoo.com","","2","","",""
"24","Neva","Watsica","qParker@Steuber.com","Schulist and Sons","Schulist and Sons","Toni.Barrows@gmail.com","","2","","",""
"25","Johnathon","Rutherford","Christian64@Toy.com","Christiansen PLC","Christiansen PLC","qHalvorson@gmail.com","","2","","",""
"26","Flo","Stokes","Mariane30@hotmail.com","Sanford, Runte and Moore","Sanford, Runte and Moore","Jacobson.Lenna@yahoo.com","","1","","",""
"27","Cale","Smith","Jayda37@Pagac.org","Sipes, Prosacco and Kling","Sipes, Prosacco and Kling","Quitzon.Mateo@DuBuque.com","","1","","",""
"28","Adolfo","Wisozk","Mark.Kerluke@Effertz.com","Labadie LLC","Labadie LLC","Kameron03@Feest.com","","1","","",""
"29","Bonnie","Lebsack","wMosciski@Gulgowski.com","West-Haag","West-Haag","Moshe.Schmeler@Jones.com","","2","","",""
"30","Keely","Schroeder","Dewitt66@yahoo.com","Lang-Heller","Lang-Heller","Ahmed.Effertz@Stehr.com","","2","","",""
"31","Edwina","Ondricka","Marcelle.Boyer@King.com","Legros LLC","Legros LLC","qLehner@hotmail.com","","2","","",""
"32","Mossie","Daugherty","Margaret02@Stracke.com","Cremin-Runolfsson","Cremin-Runolfsson","hJacobi@hotmail.com","","2","","",""
"33","Sasha","Ferry","Dwight.Hoeger@yahoo.com","Schuster, Swift and Koepp","Schuster, Swift and Koepp","Nienow.Renee@hotmail.com","","1","","",""
"34","Okey","Stark","rHamill@Nolan.com","Herman Inc","Herman Inc","fSauer@Pagac.com","","2","","",""
"35","Aurelio","Ledner","Stamm.Lenore@Gutmann.com","Swaniawski-Lockman","Swaniawski-Lockman","jHayes@gmail.com","","2","","",""
"36","Maurine","Gusikowski","Sadye51@hotmail.com","Nicolas-Wuckert","Nicolas-Wuckert","Frankie.Kozey@Leannon.info","","2","","",""
"37","Devin","Walker","kHudson@yahoo.com","Monahan Ltd","Monahan Ltd","Delta60@yahoo.com","","1","","",""
"38","Gladyce","Beer","qWest@gmail.com","Kozey-Howell","Kozey-Howell","eOsinski@Corkery.org","","1","","",""
"39","Abraham","Rippin","Marlon12@Legros.com","Howell Inc","Howell Inc","Jared.Lynch@hotmail.com","","2","","",""
"40","Cleora","Paucek","wHermann@Reynolds.com","Beatty Ltd","Beatty Ltd","Powlowski.Elmira@gmail.com","","1","","",""
"41","Theron","Watsica","kHansen@Little.biz","Mills Inc","Mills Inc","Kohler.Charlotte@hotmail.com","","2","","",""
"42","Alberta","Beahan","Shields.Layla@Cartwright.biz","Cormier, Roberts and Powlowski","Cormier, Roberts and Powlowski","mPaucek@yahoo.com","","2","","",""
"43","Matilda","Smith","Walter.Wilmer@Walsh.info","McClure and Sons","McClure and Sons","Gislason.Audrey@Reinger.com","","2","","",""
"44","Janelle","Baumbach","Pagac.Ruthie@Carroll.com","Abbott, Conroy and Powlowski","Abbott, Conroy and Powlowski","Trey.Thompson@Parker.com","","1","","",""
"45","Verner","Mante","zRussel@Schaden.com","Price, Huels and Smitham","Price, Huels and Smitham","yMarquardt@hotmail.com","","1","","",""
"46","Katarina","Gislason","Cheyanne.Herzog@Heathcote.net","Veum, Leffler and Wuckert","Veum, Leffler and Wuckert","Eldred.Bosco@Braun.com","","2","","",""
"47","Charlotte","Huel","Rosario.Dibbert@OReilly.com","Hettinger, Jast and Mann","Hettinger, Jast and Mann","Demario93@Mitchell.com","","2","","",""
"48","Gladyce","Blick","Carmel.Gerlach@gmail.com","D'Amore and Sons","D'Amore and Sons","Mitchel.Herman@hotmail.com","","1","","",""
"49","Imani","Hudson","Bertha.Haag@hotmail.com","Goldner, Hodkiewicz and Gusikowski","Goldner, Hodkiewicz and Gusikowski","Cremin.Liam@hotmail.com","","2","","",""
"50","Yvonne","Hoppe","nGaylord@hotmail.com","Jacobson-Bartell","Jacobson-Bartell","Zieme.Pearline@Toy.com","","2","","",""
"51","Javier","Monahan","Ola.Swaniawski@Armstrong.info","Schinner, Cole and Weber","Schinner, Cole and Weber","Mattie.Kuhic@Ernser.biz","","2","","",""
"52","Miguel","Champlin","Cormier.Carey@Lueilwitz.com","Conroy-Huel","Conroy-Huel","Marcella43@Orn.com","","2","","",""
"53","Jacynthe","Cartwright","vStoltenberg@hotmail.com","Stiedemann, Deckow and Prosacco","Stiedemann, Deckow and Prosacco","Corrine93@Parker.com","","2","","",""
"54","Jalyn","O'Reilly","Taya.Hilll@gmail.com","Roob-Bahringer","Roob-Bahringer","wBorer@yahoo.com","","2","","",""
"55","Brandyn","Brakus","Torphy.Elenor@Donnelly.net","Dibbert Inc","Dibbert Inc","wHagenes@yahoo.com","","1","","",""
"56","Julio","Witting","tDibbert@hotmail.com","Steuber-Stoltenberg","Steuber-Stoltenberg","Jaiden08@hotmail.com","","1","","",""
"57","Destiny","Moen","Destini02@yahoo.com","Bogisich Inc","Bogisich Inc","uVeum@Bahringer.com","","2","","",""
"58","Destiney","Gerhold","Corwin.Cale@Koepp.com","Mraz-Hodkiewicz","Mraz-Hodkiewicz","aGislason@gmail.com","","2","","",""
"59","Lelia","Flatley","Kilback.Sunny@Ryan.com","Feeney, McCullough and Pollich","Feeney, McCullough and Pollich","Buckridge.Geovany@hotmail.com","","2","","",""
"60","Mariana","Turcotte","Denesik.Frida@hotmail.com","Muller-Kshlerin","Muller-Kshlerin","Darlene.Ullrich@Reichert.com","","2","","",""
"61","Cassandra","Leffler","Toby29@Thompson.com","Bartoletti Inc","Bartoletti Inc","uLynch@Wilderman.info","","1","","",""
"62","Mittie","Stanton","Giovanna.Terry@Wolf.com","O'Kon-Hahn","O'Kon-Hahn","Ellis.Donnelly@Corwin.biz","","1","","",""
"63","Dustin","Yundt","Ashleigh10@gmail.com","Feil Group","Feil Group","tLemke@gmail.com","","1","","",""
"64","Burdette","Funk","Bradford36@hotmail.com","Hermiston, McKenzie and Johnston","Hermiston, McKenzie and Johnston","Savanna28@hotmail.com","","1","","",""
"65","Danielle","Quitzon","Trey.Schulist@gmail.com","Stark, Wyman and Upton","Stark, Wyman and Upton","Stanton.Retta@Fahey.com","","1","","",""
"66","Kiera","Wyman","Destinee34@Hills.info","Douglas PLC","Douglas PLC","Elissa93@Quitzon.net","","1","","",""
"67","Amir","Zemlak","Walter.Casimir@hotmail.com","Conroy-Kirlin","Conroy-Kirlin","Schumm.Eloise@Jast.com","","2","","",""
"68","Esther","Halvorson","Nico.Daugherty@yahoo.com","Connelly, Hoppe and VonRueden","Connelly, Hoppe and VonRueden","wNikolaus@yahoo.com","","2","","",""
"69","Ila","Schumm","Columbus61@gmail.com","Huels, Volkman and Sporer","Huels, Volkman and Sporer","Coleman84@Frami.com","","2","","",""
"70","Eldora","Reinger","eMcLaughlin@Brekke.com","Cormier Ltd","Cormier Ltd","Aileen65@McClure.com","","2","","",""
"71","Elyssa","Hayes","zHaley@Jacobs.com","Bernier LLC","Bernier LLC","Rolfson.Alexandro@yahoo.com","","1","","",""
"72","Lorine","Botsford","Dortha.Morar@Leffler.net","Weber LLC","Weber LLC","Krajcik.Cassidy@yahoo.com","","1","","",""
"73","Wilfredo","Haag","Kayli.Von@yahoo.com","Hahn, Robel and Kulas","Hahn, Robel and Kulas","Eldora97@yahoo.com","","1","","",""
"74","Cierra","Williamson","Powlowski.Margot@hotmail.com","Weissnat, Morar and Cummerata","Weissnat, Morar and Cummerata","Gerda.Abshire@yahoo.com","","2","","",""
"75","Imogene","Nicolas","Bergstrom.Ole@yahoo.com","Crooks LLC","Crooks LLC","Emil18@yahoo.com","","2","","",""
"76","Vilma","Armstrong","Keshawn.Raynor@yahoo.com","Dicki Group","Dicki Group","Christiansen.Martine@Nitzsche.net","","2","","",""
"77","Lempi","Legros","Lehner.Everette@gmail.com","Mann Inc","Mann Inc","Dangelo.Towne@gmail.com","","1","","",""
"78","Jerad","Rippin","vOKon@Renner.net","Rolfson-Jast","Rolfson-Jast","Deckow.Alexie@Mayert.com","","1","","",""
"79","Stanton","Ward","Boyer.Wallace@Crist.com","Jenkins, Gerlach and Runolfsdottir","Jenkins, Gerlach and Runolfsdottir","Lizzie48@Graham.org","","2","","",""
"80","Cathryn","Schiller","Raynor.Jadyn@gmail.com","Gutmann, Goldner and Turcotte","Gutmann, Goldner and Turcotte","Daren94@Buckridge.com","","1","","",""
"81","Jarvis","Mueller","Tremaine71@hotmail.com","Cronin and Sons","Cronin and Sons","Holly.Reilly@gmail.com","","1","","",""
"82","Augustus","Kuvalis","Brakus.Amiya@Bahringer.info","Bruen, Braun and Sanford","Bruen, Braun and Sanford","Elva.Crona@Hickle.com","","1","","",""
"83","Walton","Kozey","Kaci09@hotmail.com","Nolan, Bartell and Reinger","Nolan, Bartell and Reinger","Willow07@Ruecker.net","","1","","",""
"84","Wilson","Keebler","Hudson.Loraine@gmail.com","Prosacco-Koelpin","Prosacco-Koelpin","Rosanna.Cormier@Langworth.com","","1","","",""
"85","Chloe","Beier","Janice59@Kovacek.com","Hegmann-Kihn","Hegmann-Kihn","mGraham@Schmeler.com","","1","","",""
"86","Alejandra","Morissette","Emilia.Dibbert@Pouros.com","Kris-Bauch","Kris-Bauch","tHaag@Mohr.com","","1","","",""
"87","Angelita","Swift","nRippin@yahoo.com","Nitzsche Ltd","Nitzsche Ltd","Ricardo13@gmail.com","","2","","",""
"88","Carol","Luettgen","Gennaro73@Kiehn.info","Dooley, Morissette and Quigley","Dooley, Morissette and Quigley","oKuhic@hotmail.com","","1","","",""
"89","Lamont","Rogahn","Maryjane18@hotmail.com","Mills, Heller and Stark","Mills, Heller and Stark","Lucienne71@Grady.biz","","1","","",""
"90","Lourdes","Rohan","Lucienne.Mills@yahoo.com","Medhurst-Ward","Medhurst-Ward","Beahan.Jeanie@Brown.com","","1","","",""
"91","Maybelle","Ratke","Britney.Ziemann@Altenwerth.com","Leffler PLC","Leffler PLC","Jacobs.Miguel@yahoo.com","","1","","",""
"92","Eunice","Terry","Frieda13@Turner.biz","Johnson-Jaskolski","Johnson-Jaskolski","Eveline.Nader@Johns.biz","","1","","",""
"93","Rosie","Goldner","Hodkiewicz.Cora@Yundt.org","Gerlach-Cremin","Gerlach-Cremin","rDAmore@Kling.com","","1","","",""
"94","Luella","Koelpin","rWolff@Smith.com","Daniel-Pagac","Daniel-Pagac","Stuart.Feeney@Hamill.com","","2","","",""
"95","Dax","Pagac","lGrant@Dickens.com","Beier-Kertzmann","Beier-Kertzmann","Blick.Sid@yahoo.com","","1","","",""
"96","Abner","Abshire","pLindgren@yahoo.com","Wiegand and Sons","Wiegand and Sons","Conroy.Branson@hotmail.com","","1","","",""
"97","Samantha","Leuschke","xStroman@hotmail.com","Goyette Group","Goyette Group","Anderson.Dominic@Mertz.com","","2","","",""
"98","Laurie","Donnelly","Lauriane.Halvorson@Lind.com","Douglas PLC","Douglas PLC","Cummings.Lottie@Larkin.com","","1","","",""
"99","Lucious","Rogahn","Leif.Moore@Wiegand.biz","McDermott Ltd","McDermott Ltd","oHyatt@yahoo.com","","2","","",""
"100","Lavinia","Effertz","xHerzog@Rempel.org","Windler, Monahan and Nicolas","Windler, Monahan and Nicolas","Schneider.Flavio@yahoo.com","","2","","",""
"101","Rosalia","123213","","","","","","1","","",""
"103","Cheng","Jiang","ajas@email.com","","","","","1","","",""
"104","Slav","Dujakovic","slav@email.com","Student","BCIT","12244545","SSD Program","1","","",""
